id,WinTeam,cwinrate1,cwinrate2,cwinrate3,cwinrate4,cwinrate5,ckda1,ckda2,ckda3,ckda4,ckda5,cdf1,cdf2,cdf3,cdf4,cdf5,cwinrate6,cwinrate7,cwinrate8,cwinrate9,cwinrate10,ckda6,ckda7,ckda8,ckda9,ckda10,cdf6,cdf7,cdf8,cdf9,cdf10,cwinratedif,ckdadif,cdfdif
1091305516.0,1.0,0.44642857142857145,0.4883720930232558,0.4166666666666667,0.5533980582524272,0.456,3.1334164588528677,2.513100436681223,1.2285974499089254,1.7875166002656042,1.8346501128668171,1310.0,464.0,-298.0,433.0,593.0,0.5473186119873817,0.3125,0.5352112676056338,0.43005181347150256,0.6111111111111112,2.0984769455455874,1.25,1.7610566933808252,2.1459915611814346,1.5535714285714286,5737.0,-56.0,3518.0,1531.0,42.0,-0.015065482960941567,0.33763688597923247,-1654.0
1091305610.0,0.0,0.5409836065573771,0.6122448979591837,0.5673758865248227,0.5,0.3076923076923077,1.4481054365733115,2.2586206896551726,1.292821606254442,1.6439688715953307,1.1748251748251748,-315.0,484.0,-583.0,148.0,-93.0,0.5949367088607594,0.45161290322580644,0.4107142857142857,0.4351145038167939,0.41935483870967744,1.53382949932341,1.0170068027210883,0.8592814371257484,1.338206627680312,1.1785714285714286,50.0,-284.0,-642.0,-332.0,-180.0,0.04331269168127372,0.37828919669628913,205.8
1091305626.0,1.0,0.5555555555555556,0.49473684210526314,0.5625,0.5454545454545454,0.0,2.5372340425531914,1.4299435028248588,1.1341463414634145,1.8986577181208053,1.3,390.0,-124.0,-90.0,594.0,-8.0,0.6137931034482759,0.5609756097560976,0.5229067930489731,0.4444444444444444,0.55859375,2.4447513812154695,1.387056627255756,2.0199489307373124,2.105769230769231,2.110870610870611,1710.0,-363.0,6516.0,63.0,5080.0,-0.10849335151648537,-0.35368303517722155,-2448.7999999999997
1091305695.0,1.0,0.4810126582278481,0.43478260869565216,0.4909090909090909,0.5287356321839081,0.26666666666666666,1.4079903147699757,1.5537974683544304,2.407176287051482,2.3320158102766797,3.123456790123457,-152.0,17.0,1163.0,842.0,263.0,0.6295264623955432,0.5111111111111111,0.6346153846153846,0.4626865671641791,0.6242424242424243,2.870925925925926,2.191417910447761,1.8785166240409208,0.5938092229943146,2.54577056778679,7403.0,1853.0,296.0,-2869.0,1805.0,-0.13201505856909518,0.14879928387606256,-1271.0
1091305913.0,0.0,0.5161290322580645,0.5273311897106109,0.4742268041237113,0.42857142857142855,0.5067064083457526,0.7270710059171598,2.1306244260789717,2.5211794019933556,1.614864864864865,1.37760995113283,-1045.0,2747.0,2459.0,17.0,-1102.0,0.55625,0.5675675675675675,0.4258064516129032,0.2765957446808511,0.6363636363636364,2.2504520795660037,0.7073529411764706,0.9985966319165999,1.0440097799511003,2.412280701754386,1660.0,-1078.0,-2501.0,-373.0,104.0,-0.0019237074430779044,0.19173150312452392,1052.8000000000002
1091306036.0,0.0,0.5806451612903226,0.5555555555555556,0.6410256410256411,0.51875,0.5528455284552846,2.322274881516588,1.9044444444444444,1.2922297297297298,1.7694920871654651,2.231981981981982,347.0,910.0,-123.0,6505.0,2600.0,0.5423728813559322,0.5583756345177665,0.5362318840579711,0.44642857142857145,0.47058823529411764,2.5749318801089918,1.4661772417409544,1.1271028037383177,1.4346666666666668,1.1317829457364341,789.0,-258.0,-399.0,-49.0,-190.0,0.05896493593448893,0.35715231736936914,2069.2
1091306043.0,1.0,0.5019230769230769,0.38461538461538464,0.52,0.44936708860759494,0.5950413223140496,2.0384349030470914,2.028409090909091,1.6560636182902584,1.5747126436781609,1.865530303030303,4665.0,93.0,157.0,182.0,1158.0,0.49714285714285716,0.6181818181818182,0.5211267605633803,0.5313432835820896,0.4835766423357664,2.5707547169811322,1.0767441860465117,1.9383561643835616,2.1442385173247382,1.380266343825666,2724.0,-1274.0,512.0,3198.0,-989.0,-0.040084897869161085,0.01055812607865847,416.79999999999995
1091306107.0,1.0,0.7035398230088495,0.5076252723311547,0.6414342629482072,0.3488372093023256,0.6194029850746269,3.556678383128295,2.15840869732538,1.7841169724770642,2.117283950617284,2.647741935483871,4681.0,13687.0,991.0,700.0,1779.0,0.5465510742555597,0.5849802371541502,0.640074211502783,0.5496304118268216,0.5426356589147286,1.9870423283939131,1.384368994234465,4.588125,2.760280956157245,1.5903474903474903,14659.0,-361.0,14823.0,22249.0,234.0,-0.008606408197775917,-0.009186966020243492,-5953.199999999999
1091306139.0,1.0,0.5172413793103449,0.5,0.45588235294117646,0.4594594594594595,0.43478260869565216,1.687374749498998,1.6999238385377,1.2417840375586855,1.7587064676616915,2.2318840579710146,187.0,525.0,-440.0,104.0,202.0,0.5761194029850746,0.5371900826446281,0.47540983606557374,0.391304347826087,0.34545454545454546,2.760288502333475,1.9617455138662316,1.4340937896070975,1.9969088098918084,0.8363636363636363,5941.0,5661.0,-104.0,643.0,-1460.0,0.00837751708614487,-0.0739454201668317,-2020.6
1091306181.0,1.0,0.2777777777777778,0.4272930648769575,0.43478260869565216,0.5887521968365553,0.5882352941176471,1.7467105263157894,1.21975620975161,2.3329466357308584,2.042115768463074,1.4196428571428572,75.0,-2437.0,718.0,5432.0,-36.0,0.5864978902953587,0.4918918918918919,0.7,0.5532786885245902,0.5353535353535354,1.8366754617414247,1.4980857580398161,1.1095890410958904,2.376356589147287,1.4536631183469004,1276.0,-5.0,-57.0,2261.0,-148.0,-0.11003621275215725,0.09736040580657401,85.0
1091306196.0,1.0,0.6244343891402715,0.30434782608695654,0.5688622754491018,0.5670103092783505,0.3495575221238938,1.3088459583121506,1.4,1.0232342007434945,1.149497487437186,0.7542743538767396,-1504.0,-52.0,-1539.0,-558.0,-3751.0,0.5,0.5,0.46511627906976744,0.6470588235294118,0.6382978723404256,1.6989247311827957,2.345303867403315,1.6376811594202898,2.263238289205703,2.447289156626506,37.0,306.0,513.0,1499.0,629.0,-0.06725213057220619,-0.9513170406938081,-2077.6
1091306202.0,1.0,0.5544554455445545,0.47648902821316613,0.32786885245901637,0.5626598465473146,0.5,2.0597826086956523,1.9551125576349335,1.2670157068062826,1.5389305816135084,1.6096491228070176,1957.0,3356.0,-178.0,332.0,25.0,0.5589016829052259,0.6792452830188679,0.5537313432835821,0.4908424908424908,0.4634146341463415,1.768808923737515,2.5472727272727274,2.979966611018364,1.826147816349384,1.6728971962616823,11519.0,576.0,24822.0,1165.0,370.0,-0.0649324522864913,-0.47292053941645573,-6592.0
1091306269.0,0.0,0.4959537572254335,0.567139282735613,0.5061349693251533,0.43636363636363634,0.5620437956204379,2.2975790987535953,2.821013339860482,1.7290434782608695,1.4207920792079207,1.2853982300884956,6655.0,21588.0,1317.0,-64.0,-485.0,0.5,0.5866666666666667,0.6321070234113713,0.4890829694323144,0.4329896907216495,1.4111111111111112,2.4779693486590038,2.0231451438459875,1.7500778089013382,1.1371069182389937,-48.0,1021.0,4837.0,1607.0,-577.0,-0.014642181792345443,0.15088317908298587,4434.2
1091306274.0,1.0,0.5911330049261084,0.5373134328358209,0.5258964143426295,0.45588235294117646,0.5844155844155844,2.6619263089851324,1.8986666666666667,1.5172122848464393,1.4848754448398576,1.4459234608985025,3595.0,598.0,102.0,-17.0,-65.0,0.6145710928319624,0.4852941176470588,0.6091954022988506,0.43478260869565216,0.4696969696969697,2.6950774174700554,1.1309297912713472,1.4216783216783218,1.8805436337625179,1.1913439635535308,16363.0,-389.0,-112.0,1064.0,-271.0,0.016220119658165166,0.13780620770016516,-2488.4
1091306382.0,0.0,0.6,0.5342902711323764,0.5216867469879518,0.584070796460177,0.41836734693877553,1.646551724137931,1.8513513513513513,1.6084558823529411,1.2463524130190797,1.884046052631579,68.0,3276.0,1003.0,-452.0,467.0,0.6363636363636364,0.5660377358490566,0.4084507042253521,0.5625,0.0,1.9743303571428572,1.9014598540145986,1.9427168576104745,2.074074074074074,1.33,425.0,220.0,541.0,217.0,-17.0,0.09701261701624703,-0.19716474386982452,595.2
1091306383.0,0.0,0.6833333333333333,0.5768725361366623,0.5901639344262295,0.42857142857142855,0.4426229508196721,2.9627659574468086,2.1725280326197756,5.273684210526316,3.3958333333333335,1.4506769825918762,825.0,5278.0,1434.0,182.0,-51.0,0.4931506849315068,0.41935483870967744,0.32515337423312884,0.5804597701149425,0.42105263157894735,2.108303249097473,1.4346246973365617,1.9714452214452214,1.580211726384365,1.5551948051948052,1348.0,-108.0,809.0,197.0,17.0,0.09647857674382454,1.3211417634119367,1081.0
1091306472.0,0.0,0.5687203791469194,0.5517241379310345,0.24,0.4959677419354839,0.48383084577114427,2.2081062670299727,4.151863600317209,0.8773584905660378,2.321349963316214,1.6958827199001871,2079.0,13376.0,-264.0,2239.0,2512.0,0.6818181818181818,0.4166666666666667,0.47959183673469385,0.3333333333333333,0.5,1.482394366197183,1.2138728323699421,1.8661417322834646,1.5827338129496402,1.6633986928104576,-5.0,-198.0,651.0,23.0,50.0,-0.014233382753658763,0.6892039209037866,3884.2000000000003
1091306482.0,1.0,0.4954682779456193,0.7407407407407407,0.4625322997416021,0.5384615384615384,0.4318181818181818,1.3663793103448276,2.0305555555555554,0.8759140767824497,3.911184210526316,1.4646974063400577,-620.0,191.0,-5462.0,2199.0,-49.0,0.5652173913043478,0.6111111111111112,0.515625,0.39097744360902253,0.6063829787234043,2.45,2.123762376237624,1.97799511002445,1.1773084479371316,0.9844903988183161,1064.0,126.0,391.0,-657.0,-698.0,-0.004058577208040703,0.1870348453063373,-793.4000000000001
1091306654.0,0.0,0.52,0.5622641509433962,0.5714285714285714,0.6521739130434783,0.43891402714932126,1.5447119518486672,1.0237794612794613,1.6231617647058822,2.550561797752809,1.1211595639246779,104.0,-2263.0,134.0,187.0,-1529.0,0.5833333333333334,0.5288461538461539,0.5132743362831859,0.4669603524229075,0.3953488372093023,1.281496062992126,1.643669985775249,1.7703651685393258,1.5714285714285714,0.7306733167082294,-111.0,606.0,385.0,283.0,-617.0,0.05140352989397684,0.1731482868135994,-782.6
1091306664.0,0.0,0.2857142857142857,0.4714285714285714,0.5853658536585366,0.5230769230769231,0.4576271186440678,3.0673076923076925,1.6593137254901962,1.9072847682119205,1.9304932735426008,1.0778210116731517,326.0,195.0,615.0,384.0,-434.0,0.5945945945945946,0.5333333333333333,0.5619047619047619,0.5964912280701754,0.5733333333333334,2.1324786324786325,1.690721649484536,2.1766917293233083,1.7677165354330708,0.9725705329153606,444.0,37.0,900.0,272.0,-673.0,-0.10728889974276273,0.1804082783181309,21.19999999999999
1091306687.0,0.0,0.5491803278688525,0.5240274599542334,0.48936170212765956,0.3827751196172249,0.42105263157894735,1.5935622317596567,2.746498599439776,1.0457697642163661,1.5949119373776908,0.7588832487309645,436.0,4450.0,-655.0,291.0,-292.0,0.39622641509433965,0.5,0.4375,0.36619718309859156,0.4594594594594595,1.2854166666666667,1.4228362877997915,0.796875,0.8826771653543307,1.2228510247782196,-206.0,-148.0,-180.0,-784.0,-1812.0,0.04140283669890532,0.42579392738508903,1472.0
1091306737.0,0.0,0.5,0.4878048780487805,0.5185185185185185,0.7647058823529411,0.5555555555555556,1.7614093959731543,1.6328836424957842,3.5885714285714285,4.195945945945946,1.7094790159189581,779.0,788.0,731.0,399.0,579.0,0.4153846153846154,0.0,0.42028985507246375,0.43478260869565216,0.5388349514563107,1.1225425950196593,0.8258426966292135,1.745704467353952,2.0359116022099446,1.7797610043866283,-576.0,-120.0,286.0,194.0,3699.0,0.20345856077335073,1.0757054126611745,-41.39999999999998
1091306805.0,1.0,0.48936170212765956,0.484375,0.5053475935828877,0.6041666666666666,0.4972067039106145,1.6690329493704794,1.4068736141906875,1.887706043956044,1.3736979166666667,1.8133951137320978,2524.0,-84.0,2258.0,-97.0,744.0,0.5714285714285714,0.6685714285714286,0.5631399317406144,0.4,0.5925925925925926,2.3088888888888888,2.8032608695652175,2.6331076265146116,1.6428571428571428,1.5630081300813008,364.0,2398.0,6359.0,36.0,31.0,-0.043054971609075565,-0.5600834039982372,-768.5999999999999
1091306893.0,1.0,0.5773195876288659,0.36,0.6428571428571429,0.5491803278688525,0.42857142857142855,1.8471128608923884,0.7315789473684211,3.5368852459016393,1.7910714285714286,1.1787234042553192,529.0,-292.0,497.0,489.0,-151.0,0.5058823529411764,0.6118012422360248,0.5238095238095238,0.5483870967741935,0.3695652173913043,2.0229257641921397,2.0773042616451933,0.8985849056603774,3.1219951923076925,0.783157894736842,2395.0,2330.0,-255.0,2699.0,-681.0,-0.0003033892451865805,0.036280773689390644,-1083.1999999999998
1091306928.0,1.0,0.5,0.40425531914893614,0.5079365079365079,0.5350701402805611,0.38202247191011235,1.669392523364486,1.3085106382978724,2.4408602150537635,2.474037138927098,1.9738805970149254,725.0,-288.0,1400.0,5665.0,508.0,0.632768361581921,0.5167910447761194,0.5737704918032787,0.5924932975871313,0.45132743362831856,2.3345170454545454,2.2870406189555124,2.2158273381294964,1.4790718835304824,2.8442662779397474,2350.0,4069.0,597.0,-138.0,5533.0,-0.08757323802013028,-0.2588084102703274,-880.1999999999998
1091306963.0,1.0,0.473015873015873,0.6016260162601627,0.3968253968253968,0.5540540540540541,0.5617977528089888,1.952415112386418,2.14375,1.2027491408934707,1.5190779014308426,1.826003298515668,1892.0,927.0,-346.0,24.0,1186.0,0.46920821114369504,0.5435435435435435,0.4772727272727273,0.5131578947368421,0.42168674698795183,1.54983922829582,2.5109067579127458,2.5134974196109567,1.746353322528363,1.7933333333333332,248.0,4727.0,5106.0,304.0,352.0,0.03248999385594303,-0.29398692169096385,-1410.8000000000002
1091307024.0,1.0,0.5454545454545454,0.26666666666666666,0.3888888888888889,0.4666666666666667,0.5035460992907801,1.4833333333333334,1.580188679245283,1.2138888888888888,1.219607843137255,1.4421529175050303,-5.0,17.0,-103.0,-143.0,-115.0,0.535264483627204,0.6013667425968109,0.55,0.5248344370860927,0.42592592592592593,3.5291954022988508,1.8492881688757978,1.8671497584541064,1.9945109078114005,1.682608695652174,17654.0,2846.0,456.0,7027.0,126.0,-0.09323374445369725,-0.796716254196508,-5691.6
1091307132.0,0.0,0.4910394265232975,0.543859649122807,0.6705882352941176,0.2857142857142857,0.48299319727891155,1.8385020479812757,2.444991789819376,2.9911242603550297,1.2583586626139818,2.045495093666369,1157.0,1151.0,1512.0,-159.0,1223.0,0.48992248062015503,0.4533898305084746,0.5019455252918288,0.5,0.5231958762886598,1.3779359430604983,1.5152591973244147,2.0011230907457325,2.3152412280701755,1.778308717057631,-1372.0,73.0,2231.0,1487.0,1922.0,0.0011482162448601674,0.31812073563551624,108.59999999999991
1091307273.0,1.0,0.3804347826086957,0.5389908256880734,0.5362318840579711,0.5055391432791728,0.5171102661596958,2.438133874239351,1.5623205359991492,1.7961672473867596,2.013680131517144,1.584530853761623,925.0,1172.0,340.0,17498.0,400.0,0.56,0.5682256086880364,0.5121951219512195,0.4785534062237174,0.3103448275862069,2.2244318181818183,2.6353752248078917,1.1752941176470588,1.5264117582053265,0.95,255.0,83332.0,-552.0,478.0,-407.0,0.009797587468885649,0.17666394481238612,-12554.2
1091307367.0,0.0,0.65,0.5796610169491525,0.47413793103448276,0.5409836065573771,0.6329113924050633,2.2078313253012047,1.917398119122257,2.3989971346704873,1.7922535211267605,2.015625,235.0,2663.0,1255.0,2407.0,462.0,0.5036014405762305,0.5648854961832062,0.5244755244755245,0.5,0.49498843484965305,2.48193966657846,3.230603448275862,1.9835661462612983,3.0815068493150686,1.7085082785391745,14843.0,1606.0,1177.0,2309.0,5264.0,0.057948610172292137,-0.4308038577498312,-3635.4
1091307419.0,0.0,0.49413145539906106,0.5,0.525,0.425,0.543859649122807,2.086555430771699,0.9572072072072072,3.0823412698412698,1.8235294117647058,3.2293103448275864,7312.0,-241.0,1595.0,187.0,1003.0,0.3333333333333333,0.46153846153846156,0.4666666666666667,0.47513812154696133,0.4233576642335766,0.8966480446927374,1.8053435114503817,1.3028322440087146,1.3614602034709755,1.4686609686609686,-216.0,240.0,-181.0,-463.0,-66.0,0.0655913714405737,0.8687997384257382,2108.4
1091307590.0,0.0,0.6333333333333333,0.6727272727272727,0.5333333333333333,0.46153846153846156,0.4878048780487805,2.0006242197253434,2.126923076923077,1.4271844660194175,2.364678899082569,1.7426900584795322,802.0,489.0,-15.0,377.0,166.0,0.34375,0.5263157894736842,0.4857142857142857,0.6,0.6,1.2003205128205128,1.78125,1.8542372881355933,1.758128078817734,1.8847150259067358,-187.0,108.0,209.0,524.0,891.0,0.0465914407586423,0.23668996290987243,54.80000000000001
1091307644.0,0.0,0.5404411764705882,0.39285714285714285,0.5172413793103449,0.51875,0.43617021276595747,2.444888888888889,1.42,1.1960403726708075,1.5787313432835821,1.0342465753424657,4252.0,-116.0,-783.0,211.0,-1632.0,0.3263157894736842,0.5909090909090909,0.4235294117647059,0.4473684210526316,0.6949152542372882,1.1007085020242915,1.5812356979405033,1.2660142348754448,1.2938413361169103,1.1783783783783783,-789.0,71.0,-263.0,-395.0,-595.0,-0.01551561120667344,0.2507458061700434,780.5999999999999
1091307689.0,1.0,0.4861111111111111,0.7021276595744681,0.5833333333333334,0.5217391304347826,0.5333333333333333,1.6843478260869564,1.2703081232492996,2.3514538558786344,1.3571428571428572,1.6804123711340206,212.0,-164.0,1347.0,-62.0,245.0,0.5779816513761468,0.6263736263736264,0.66,0.5967741935483871,0.45098039215686275,1.9943253467843631,2.3398230088495575,2.5755208333333335,0.8941176470588236,1.506726457399103,784.0,949.0,826.0,-618.0,6.0,-0.01709305913359893,-0.19336965198668277,-73.79999999999995
1091307726.0,1.0,0.5185185185185185,0.5454545454545454,0.56,0.5,0.3333333333333333,1.7542372881355932,1.5344827586206897,1.6331775700934579,0.8582089552238806,2.939189189189189,240.0,6.0,57.0,-86.0,213.0,0.5952380952380952,0.53125,0.6382978723404256,0.640625,0.4666666666666667,1.7092731829573935,2.1884057971014492,2.1839080459770117,0.9548816568047337,1.1054421768707483,167.0,380.0,595.0,-737.0,-116.0,-0.08295424738775814,0.11547698031029441,28.200000000000003
1091307860.0,0.0,0.3684210526315789,0.5608424336973479,0.75,0.5038910505836576,0.4583333333333333,1.305084745762712,1.962317705784477,2.7850877192982457,2.321615106468461,1.881679389312977,-46.0,9447.0,293.0,4090.0,300.0,0.4838709677419355,0.6356589147286822,0.5912408759124088,0.5918367346938775,0.6510067114093959,1.5234375,3.1204819277108435,1.6734902763561925,1.8058823529411765,2.5323834196891193,15.0,2421.0,339.0,208.0,2391.0,-0.062425266848076366,-0.07997816201409247,1742.0000000000002
1091308108.0,0.0,0.5714285714285714,0.6208791208791209,0.6388888888888888,0.5286624203821656,0.5555555555555556,2.1391018619934283,2.040769230769231,1.5330578512396693,1.3945868945868947,1.726829268292683,5835.0,1406.0,16.0,-296.0,93.0,0.5015940488841658,0.5287451630735213,0.1875,0.4065040650406504,0.5730027548209367,1.8196319018404907,1.7670092646207296,1.7538461538461538,1.3316683316683318,1.6755371900826446,5731.0,18445.0,66.0,-337.0,1062.0,0.14361370506300575,0.09733045296471121,-3582.5999999999995
1091308291.0,0.0,0.55859375,0.5169606512890095,0.6666666666666666,0.4074074074074074,0.5072463768115942,1.524885145482389,3.050650676192906,2.0702702702702704,1.378787878787879,1.3019720624486442,130.0,12154.0,211.0,-40.0,-482.0,0.496551724137931,0.5904761904761905,0.2857142857142857,0.4305835010060362,0.3333333333333333,1.4842105263157894,1.9003750586029067,0.6118012422360248,1.3082260659694287,0.875,-45.0,1708.0,-286.0,-1907.0,-80.0,0.10404316350138015,0.6293906280115882,2516.6
1091308327.0,0.0,0.48148148148148145,0.38095238095238093,0.5078125,0.45478723404255317,0.4950980392156863,2.295942720763723,1.7350049164208456,1.5699728260869565,1.866129585190264,1.5549674267100977,667.0,478.0,309.0,2136.0,135.0,0.5429447852760736,0.35,0.6153846153846154,0.5263157894736842,0.48148148148148145,2.130499075785582,1.6740425531914893,1.8735632183908046,1.0738095238095238,1.1490825688073394,3411.0,409.0,65.0,-179.0,-153.0,-0.039199007184750556,0.2242041070374292,34.39999999999998
1091308335.0,0.0,0.6025641025641025,0.6,0.9285714285714286,0.3125,0.4090909090909091,2.2749003984063747,1.2028619528619529,2.1527777777777777,1.0807692307692307,0.9943868739205527,778.0,-353.0,141.0,-109.0,-1171.0,0.5423728813559322,0.5555555555555556,0.48257372654155495,0.47368421052631576,0.42105263157894735,2.3139269406392695,1.1630669546436285,1.0670087064676617,1.0317460317460319,1.0707964601769913,713.0,-312.0,-2785.0,-118.0,-97.0,0.07549748693362685,0.2118302280124611,376.99999999999994
1091308336.0,1.0,0.44360902255639095,0.47540983606557374,0.4696969696969697,0.6226415094339622,0.5247524752475248,1.1615302869287991,1.8856,1.2950664136622392,2.647249190938511,1.5752712477396023,-637.0,964.0,-216.0,709.0,333.0,0.5965770171149144,0.5238095238095238,0.5352112676056338,0.5673076923076923,0.5044014084507042,2.508139937651541,1.4841361407556966,2.8829201101928374,2.3162327718223583,2.3331631908998105,5821.0,-110.0,1004.0,1066.0,11426.0,-0.03823941925760943,-0.5919750024106185,-3610.8
1091308392.0,0.0,0.5494880546075085,0.5066666666666667,0.5375854214123007,0.5172413793103449,0.5517241379310345,1.462756052141527,1.7892441860465116,1.849941724941725,1.3633217993079585,2.8343373493975905,-160.0,1194.0,2402.0,-237.0,443.0,0.46254071661237783,0.547486033519553,0.49444444444444446,0.5454545454545454,0.6481481481481481,1.666527371500209,1.3922338568935428,1.5538749150237934,2.0330188679245285,1.6767895878524945,797.0,-247.0,317.0,226.0,163.0,-0.00707364565024271,0.19543130252814866,477.2
1091308401.0,1.0,0.25,0.5833333333333334,0.44680851063829785,0.5027777777777778,0.2903225806451613,1.4528985507246377,2.529152915291529,1.4231578947368422,1.3005213124808341,0.9356617647058824,-13.0,1871.0,-73.0,-1301.0,-307.0,0.6111111111111112,0.5666666666666667,0.5277777777777778,0.5,0.5198237885462555,2.6615432873274782,1.8467060810810811,2.366952789699571,1.3735632183908046,1.744299674267101,3703.0,1642.0,404.0,-22.0,900.0,-0.13042742834144821,-0.4703345225652624,-1290.0
1091308558.0,1.0,0.5970149253731343,0.4057971014492754,0.38235294117647056,0.5031185031185031,0.44,1.7529411764705882,2.3466042154566744,1.1914728682170543,4.183476713141501,1.2770100502512562,645.0,723.0,-398.0,18092.0,-355.0,0.64,0.7777777777777778,0.5294117647058824,0.3333333333333333,0.43333333333333335,1.5084541062801933,2.2687074829931975,1.7537993920972645,0.7288888888888889,0.9708029197080292,14.0,226.0,167.0,-347.0,-290.0,-0.07711454760658876,0.7041704467139001,3787.4
1091308560.0,1.0,0.5365853658536586,0.2857142857142857,0.5230769230769231,0.36585365853658536,0.17333333333333334,1.5741206030150754,0.5945121951219512,1.7246963562753037,4.316,0.5373317013463892,59.0,-297.0,222.0,704.0,-1573.0,0.4375,0.4909090909090909,0.5675675675675675,0.46808510638297873,0.6842105263157895,1.2223065250379364,2.407176287051482,1.4512635379061372,1.7992021276595744,3.09765625,-366.0,1163.0,-27.0,225.0,409.0,-0.15274174493212817,-0.24618877437928233,-457.8
1091308702.0,1.0,0.5384615384615384,0.4253731343283582,0.6822429906542056,0.48,0.5357142857142857,1.2341463414634146,1.7989417989417988,1.5587855297157622,2.0231958762886597,1.8730569948186528,-109.0,791.0,91.0,609.0,144.0,0.540954095409541,0.5849462365591398,0.44144144144144143,0.7021276595744681,0.5268817204301075,1.9853950205841993,1.790049291435613,2.27693661971831,1.0169851380042463,2.583497053045187,9904.0,1883.0,4413.0,-455.0,1103.0,-0.02691184085126197,-0.2329473163118536,-3064.4
1091308732.0,1.0,0.5069444444444444,0.5099667774086378,0.45161290322580644,0.6551724137931034,0.44933920704845814,2.3240196078431374,0.9303451919690031,1.76953125,2.44,1.6200665715644318,1681.0,-6469.0,138.0,282.0,505.0,0.5333333333333333,0.4883720930232558,0.36363636363636365,0.532258064516129,0.5384615384615384,2.1428663820980467,1.3740359897172236,1.353932584269663,1.6712473572938689,0.902676399026764,9940.0,-98.0,-26.0,162.0,-491.0,0.023394870589965977,0.32784078179420084,-2670.0
1091308792.0,1.0,0.5347222222222222,0.5104740904079382,0.5307125307125307,0.5333333333333333,0.5804132973944295,2.4714666666666667,3.1568212215782436,2.5207241543592187,1.560944479897894,1.8632897603485838,3643.0,14865.0,4285.0,382.0,5336.0,0.5833333333333334,0.3888888888888889,0.5555555555555556,0.4,0.5934579439252337,2.4145569620253164,1.9153846153846155,1.7628865979381443,1.9711538461538463,1.5096111839231106,867.0,162.0,102.0,147.0,44.0,0.03368395047348849,0.39993061548511455,5437.8
1091308915.0,1.0,0.35714285714285715,0.6006389776357828,0.5423728813559322,0.5338345864661654,0.53125,1.4922077922077923,1.6671648163962425,1.3901785714285715,1.4929245283018868,1.4537337662337662,-6.0,783.0,-123.0,-18.0,-114.0,0.5375,0.5483870967741935,0.625,0.5182186234817814,0.6067415730337079,1.293103448275862,2.153679653679654,2.0942857142857143,1.8163422131147542,2.195736434108527,-300.0,302.0,208.0,1235.0,1077.0,-0.05412159813778894,-0.4113875977792505,-400.0
1091309063.0,1.0,0.513986013986014,0.5600558659217877,0.5652173913043478,0.4,0.46153846153846156,0.824764353041988,1.328782086291644,1.650259067357513,1.1710069444444444,1.9326241134751774,-3152.0,-1881.0,58.0,-379.0,366.0,0.5942028985507246,0.4166666666666667,0.6257309941520468,0.48,0.6,1.5039292730844793,1.570754716981132,2.200810611643331,1.608274647887324,1.787677304964539,4.0,15.0,1902.0,123.0,649.0,-0.04316056532376544,-0.35280199799000767,-1536.2
1091309114.0,1.0,0.4117647058823529,0.6666666666666666,0.509090909090909,0.39285714285714285,0.3684210526315789,1.2647058823529411,1.7891566265060241,1.1886160714285714,0.8589743589743589,0.7231404958677686,-56.0,192.0,-558.0,-250.0,-376.0,0.6363636363636364,0.6056338028169014,0.36363636363636365,0.6190476190476191,0.35294117647058826,1.766260162601626,1.7314814814814814,1.3063063063063063,1.8736263736263736,0.8342105263157895,131.0,225.0,-43.0,204.0,-253.0,-0.04576442424129168,-0.33745828304038294,-262.4
1091309311.0,1.0,0.34782608695652173,0.5737704918032787,0.34615384615384615,0.6666666666666666,0.3548387096774194,1.8991596638655461,2.390909090909091,1.386021505376344,0.987603305785124,1.3738317757009346,95.0,490.0,-106.0,-124.0,-54.0,0.65,0.5,0.5454545454545454,0.6857142857142857,0.5555555555555556,2.026086956521739,1.404728299223712,1.7086363636363637,1.744485294117647,0.946927374301676,363.0,-270.0,459.0,133.0,-198.0,-0.1294937170933308,0.0413322107671803,-37.2
1091309317.0,1.0,0.5396825396825397,0.5686274509803921,0.46875,0.5121951219512195,0.4,2.0061771973173315,2.748031496062992,0.9486754966887417,1.8992248062015504,1.4143617021276595,2868.0,634.0,-333.0,206.0,-161.0,0.5285087719298246,0.5341335333833458,0.5454545454545454,0.6388888888888888,0.559322033898305,2.458152510849349,2.443327330932373,1.4833333333333334,1.4893410852713178,1.8778748180494906,6182.0,18859.0,-5.0,-11.0,2596.0,-0.06341053218815168,-0.14711167600751773,-4881.4
1091309325.0,1.0,0.4782608695652174,0.5319148936170213,0.46987951807228917,0.35833333333333334,0.1,1.39,1.6912151499210941,2.986842105263158,1.2407932011331444,0.7293577981651376,-33.0,727.0,1017.0,-549.0,-168.0,0.5192307692307693,0.4084507042253521,0.6076923076923076,0.5087719298245614,0.6851851851851852,1.7873563218390804,1.334375,1.7600229095074456,1.691358024691358,2.4583333333333335,400.0,-212.0,454.0,155.0,575.0,-0.1581884563140628,-0.19864746697773694,-75.59999999999997
1091309341.0,1.0,0.5286103542234333,0.4861878453038674,0.4266666666666667,0.5454545454545454,0.44776119402985076,2.044321822712709,1.6547155105222136,1.8274711946634323,2.4157608695652173,1.4731182795698925,3058.0,397.0,1080.0,1011.0,-25.0,0.5467980295566502,0.4831730769230769,0.5384615384615384,0.5,0.5932203389830508,2.623529411764706,1.37383530596827,1.7642390289449112,1.554380664652568,1.738562091503268,3056.0,-1002.0,1132.0,108.0,219.0,-0.045394475649190524,0.07216823483994816,401.6
1091309428.0,0.0,0.6842105263157895,0.5755813953488372,0.3870967741935484,0.75,0.4358974358974359,2.632911392405063,1.3622177954847277,1.0834990059642147,2.5,1.3309557774607703,179.0,-415.0,-419.0,252.0,-237.0,0.5234375,0.5384615384615384,0.39303482587064675,0.2,0.6,1.420767716535433,3.911184210526316,0.9690444145356663,0.9629629629629629,1.9442148760330578,-161.0,2199.0,-1578.0,-116.0,215.0,0.11557045348468531,-0.05971804185573215,-239.8
1091309637.0,1.0,0.5661625708884688,0.41654135338345866,0.43478260869565216,0.4401114206128134,0.6063829787234043,2.205398043828154,2.081214848143982,1.2163461538461537,1.7137009909521759,1.4867088607594936,11395.0,5167.0,-236.0,992.0,-63.0,0.46938775510204084,0.46296296296296297,0.5263157894736842,0.5714285714285714,0.6506024096385542,1.7432835820895523,1.8502358490566038,1.6518987341772151,1.120879120879121,1.501733102253033,163.0,297.0,120.0,-138.0,2.0,-0.04334331126040336,0.16706770181488695,3362.2
1091309683.0,1.0,0.5714285714285714,0.5625,0.4444444444444444,0.42857142857142855,0.47191011235955055,2.9798270893371757,1.6783333333333332,0.5805555555555556,1.2909604519774012,1.3353733170134638,1027.0,107.0,-331.0,-74.0,-269.0,0.4641025641025641,0.5657894736842105,0.40350877192982454,0.5483870967741935,0.47719298245614034,2.7255765199161424,3.237202925045704,0.6837455830388692,2.0617283950617282,1.1490896599106837,5846.0,3801.0,-924.0,273.0,-2043.0,0.00397473357141237,-0.39845866715123934,-1298.6
1091310001.0,0.0,0.5670498084291188,0.5565217391304348,0.5445344129554656,0.6,0.5102564102564102,2.3306763285024155,1.6592076302274394,1.7212604814714634,1.4873417721518987,1.1655947032395366,3439.0,434.0,1636.0,-2.0,-14142.0,0.500814332247557,0.4444444444444444,0.55,0.5263157894736842,0.3103448275862069,1.6461362597165066,1.5057142857142858,2.159777424483307,0.9631449631449631,1.1865284974093264,3196.0,6.0,830.0,-437.0,-121.0,0.08928859540390738,0.18055589702487307,-2421.8
1091310040.0,1.0,0.46254071661237783,0.35384615384615387,0.5470085470085471,0.5229357798165137,0.49444444444444446,1.666527371500209,0.9967793880837359,1.7602639296187683,2.5428816466552315,1.5538749150237934,797.0,-625.0,355.0,1216.0,317.0,0.6938775510204082,0.5303030303030303,0.5467775467775468,0.47368421052631576,0.4824561403508772,2.2881040892193307,2.2983539094650207,1.8587518082248398,1.568421052631579,1.649895178197065,424.0,776.0,3472.0,13.0,286.0,-0.06926456745002829,-0.22863975737121933,-582.2
1091310070.0,0.0,0.782608695652174,0.49074074074074076,0.6030534351145038,0.5550660792951542,0.5294117647058824,1.558011049723757,1.5877419354838709,2.0397260273972604,2.7026283618581908,1.9928909952606635,21.0,136.0,1182.0,3935.0,416.0,0.549407114624506,0.5352941176470588,0.4782608695652174,0.36363636363636365,0.5988593155893536,1.71622934888241,2.003731343283582,2.036184210526316,0.8106060606060606,2.2719097449313277,890.0,1485.0,163.0,-273.0,4721.0,0.08708458688919107,0.20846753229880943,-259.20000000000005
1091310085.0,0.0,0.5287836583101208,0.3633440514469453,0.5254237288135594,0.5881570192947438,0.4956896551724138,1.9744074407440744,1.3185433235663457,1.6761029411764705,2.745429561476879,2.061224489795918,15812.0,-867.0,479.0,20846.0,1980.0,0.4166666666666667,0.43137254901960786,0.3181818181818182,0.52,0.59,1.5103092783505154,1.3170454545454546,1.6592356687898089,1.7232277526395174,2.8492975734355044,2.0,-161.0,150.0,296.0,2113.0,0.04503541583393811,0.1433184057997774,7170.0
1091310292.0,1.0,0.5317073170731708,0.4792626728110599,0.4375,0.425531914893617,0.5555555555555556,2.7663000785545955,1.858480749219563,1.123015873015873,1.3401826484018264,2.1236263736263736,3224.0,2067.0,-95.0,-140.0,227.0,0.5892857142857143,0.46875,0.2857142857142857,0.5,0.4915254237288136,1.9130901287553648,1.5148809523809523,1.1138059701492538,1.1916376306620209,1.4210526315789473,385.0,10.0,-207.0,-177.0,-69.0,0.018856407320917923,0.4114276818583389,1068.1999999999998
1091310340.0,1.0,0.42105263157894735,0.4642857142857143,0.4690265486725664,0.47619047619047616,0.46,0.7162921348314607,1.687830687830688,1.1840253342716396,0.5984513274336283,1.0545996029119789,-279.0,213.0,-898.0,-815.0,-1346.0,0.5051546391752577,0.5918367346938775,0.42857142857142855,0.4117647058823529,0.5142857142857142,1.6745524296675192,2.599562363238512,0.9411764705882353,0.9813432835820896,1.7247191011235956,273.0,1005.0,-133.0,-139.0,280.0,-0.03221157037618544,-0.5360309121841114,-882.2
1091310517.0,0.0,0.453125,0.47468354430379744,0.3888888888888889,0.5939849624060151,0.51931330472103,1.9523281596452329,1.0425877763329,0.86,2.6179183135704873,1.8006535947712419,408.0,-1407.0,-192.0,1697.0,1288.0,0.47619047619047616,0.39473684210526316,0.2727272727272727,0.5,0.39473684210526316,2.054421768707483,1.0580357142857142,1.0128968253968254,1.9575418994413407,1.4363957597173145,163.0,-297.0,-491.0,819.0,-72.0,0.0783208534382912,0.15083917535423708,334.40000000000003
1091310586.0,0.0,0.5238095238095238,0.5797101449275363,0.5789473684210527,0.41228070175438597,0.4679245283018868,1.5778894472361809,2.1996996996997,2.160749506903353,1.488826815642458,1.4609375,31.0,466.0,670.0,-20.0,-195.0,0.5454545454545454,0.5812917594654788,0.5952023988005997,0.45255474452554745,0.5486725663716814,1.5426008968609866,1.9047154471544716,2.103217158176944,1.5116831683168317,1.2622868605817452,19.0,2489.0,5850.0,59.0,-474.0,-0.032100749480693525,0.11271988767814256,-1398.1999999999998
1091310787.0,1.0,0.45454545454545453,0.5135135135135135,0.4868421052631579,0.5428571428571428,0.4,2.398550724637681,1.996941896024465,1.631828978622328,2.240857503152585,1.4282178217821782,124.0,325.0,222.0,1175.0,-29.0,0.5555555555555556,0.45,0.5333333333333333,0.48148148148148145,0.5564516129032258,2.195011337868481,1.6162383177570094,1.6079136690647482,1.1456692913385826,2.500559284116331,613.0,199.0,30.0,-180.0,1789.0,-0.03581275341886536,0.12620100481481744,-126.80000000000001
1091310826.0,1.0,0.5213427268959802,0.5290697674418605,0.616580310880829,0.47651006711409394,0.43190661478599224,1.4544953698276872,3.3733933161953726,1.9762084592145015,1.3762376237623761,1.6271802325581395,-3882.0,11660.0,1261.0,-275.0,525.0,0.5789473684210527,0.5251082251082251,0.5347099311701081,0.5789473684210527,0.391304347826087,1.6585365853658536,1.9286311681070532,2.6104692663582285,3.1023166023166024,2.1495535714285716,65.0,12300.0,84007.0,830.0,291.0,-0.00672155076555403,-0.32839843840364646,-17640.8
1091310941.0,1.0,0.6176470588235294,0.3387096774193548,0.5512820512820513,0.5740740740740741,0.43103448275862066,2.044747081712062,1.6179245283018868,2.70016077170418,1.7092369477911646,2.0592485549132946,280.0,100.0,1493.0,521.0,387.0,0.5633802816901409,0.5384615384615384,0.47058823529411764,0.5416666666666666,0.3870967741935484,1.9427395209580838,1.5815533980582523,1.1909282700421941,1.5651041666666667,1.351437699680511,1183.0,84.0,-293.0,25.0,-93.0,0.0023107696103235043,0.499910965803376,375.00000000000006
1091311121.0,1.0,0.4492753623188406,0.4,0.4166666666666667,0.5233644859813084,0.5265306122448979,1.6820250284414107,1.98125,1.2285974499089254,1.8255939524838012,1.655550531313588,320.0,462.0,-298.0,1206.0,1376.0,0.4375,0.5263157894736842,0.5767634854771784,0.5222772277227723,0.4444444444444444,2.304123711340206,2.018284574468085,2.2155292479108635,1.2890720390720392,1.838970588235294,156.0,1559.0,2055.0,-1382.0,461.0,-0.03829276398127318,-0.2585926397757521,43.40000000000009
1091311163.0,0.0,0.58,0.5111111111111111,0.47368421052631576,0.527027027027027,0.36363636363636365,1.874496644295302,2.0284463894967177,1.3526315789473684,1.4943342776203965,1.7216494845360826,558.0,483.0,-56.0,-8.0,516.0,0.4891640866873065,0.4583333333333333,0.4868421052631579,0.4251968503937008,0.5157894736842106,1.6108779293459252,1.8571428571428572,1.2777777777777777,1.5332480818414322,1.2456021650879567,634.0,160.0,-316.0,130.0,-376.0,0.016026572587821697,0.1893819127399834,252.20000000000002
1091311296.0,0.0,0.4805194805194805,0.431924882629108,0.46697038724373574,0.4236111111111111,0.48623853211009177,2.0525936599423633,1.4346013548723293,1.537434036939314,1.3905325443786982,1.9569471624266144,1534.0,-251.0,227.0,-296.0,467.0,0.5925925925925926,0.42857142857142855,0.3870967741935484,0.6857142857142857,0.55,2.3756906077348066,1.2121212121212122,1.536144578313253,2.092705167173252,1.4683698296836982,317.0,-133.0,18.0,390.0,-26.0,-0.07094213749166561,-0.06258452729338049,223.0
1091311305.0,1.0,0.5849056603773585,0.41304347826086957,0.4,0.44144144144144143,0.42857142857142855,2.424382716049383,1.1430288461538463,1.5122767857142858,1.3767465069860279,0.6453900709219859,599.0,-297.0,11.0,-247.0,-241.0,0.5217391304347826,0.6785714285714286,0.5833333333333334,0.5967741935483871,0.42424242424242425,2.7247191011235956,1.511049723756906,1.443599493029151,1.466499162479062,1.584942084942085,436.0,4.0,-89.0,-40.0,44.0,-0.10733970029585155,-0.3257969279010542,-106.0
1091311311.0,0.0,0.524812030075188,0.45161290322580644,0.4085106382978723,0.5555555555555556,0.5434782608695652,1.9840131480651426,1.76953125,1.2688497523390203,1.5160493827160493,1.1340782122905029,6479.0,138.0,-840.0,13.0,-262.0,0.5741839762611276,0.5483304042179262,0.5432098765432098,0.2692307692307692,0.5769230769230769,1.9344247942566977,2.057765667574932,3.6745049504950495,1.2727272727272727,1.6812227074235808,4962.0,4094.0,1757.0,-75.0,83.0,-0.005581743030424469,-0.5896247294133634,-1058.6
1091311380.0,1.0,0.4888888888888889,0.5,0.6097560975609756,0.5384615384615384,0.5,1.32378223495702,2.016309412861137,2.828529411764706,1.5289115646258504,2.627307447485678,-246.0,1108.0,4517.0,51.0,46046.0,0.4581005586592179,0.7180156657963447,0.49206349206349204,0.3870967741935484,0.7142857142857143,2.0176795580110496,3.485126859142607,1.4422809457579973,1.2853658536585366,2.0211267605633805,937.0,9076.0,-83.0,-88.0,222.0,-0.026491136017382955,0.014652018912164166,8282.400000000001
1091311449.0,1.0,0.4838709677419355,0.5258964143426295,0.5229885057471264,0.4732142857142857,0.5329153605015674,1.308695652173913,1.183558068725533,2.077490774907749,1.507700205338809,2.009301748728761,-88.0,-1455.0,1252.0,15.0,8213.0,0.4864864864864865,0.3333333333333333,0.4816414686825054,0.49230769230769234,0.45714285714285713,1.2801251956181534,1.0,1.3021198156682028,1.6786833855799372,2.1786786786786787,-281.0,-84.0,-2147.0,228.0,4068.0,0.05759473921893393,0.12942787486595853,1230.6000000000001
1091311536.0,1.0,0.5555555555555556,0.5178571428571429,0.6139088729016786,0.5542168674698795,0.559322033898305,1.5193827625141136,1.9566160520607376,2.692497358224727,1.450657894736842,1.8778748180494906,103.0,421.0,6771.0,-60.0,2596.0,0.5345744680851063,0.5503597122302158,0.5842391304347826,0.47586206896551725,0.45614035087719296,3.017555266579974,2.4007159904534605,2.051831375259157,2.371454435727218,1.3010455104551046,4668.0,3774.0,3194.0,2888.0,-647.0,0.03993694841794926,-0.3291147385778004,-809.2
1091311587.0,1.0,0.37037037037037035,0.47039473684210525,0.5882352941176471,0.5217391304347826,0.39622641509433965,1.8737623762376239,2.163323782234957,1.4370503597122302,2.068259385665529,1.3848080133555927,151.0,2315.0,-35.0,333.0,-138.0,0.6515798462852262,0.5769230769230769,0.5477707006369427,0.44385026737967914,0.5,2.798740554156171,1.3966346153846154,2.176342919153554,2.2902592301649647,1.5387673956262427,20624.0,-43.0,2493.0,2012.0,39.0,-0.07463158887313592,-0.25470815945592307,-4499.8
1091311603.0,0.0,0.5121951219512195,0.6294820717131474,0.4798657718120805,0.5499124343257443,0.5909090909090909,2.302752293577982,1.6288416075650118,1.1223035439137135,1.4532734056987788,2.101123595505618,525.0,545.0,-1961.0,-551.0,214.0,0.4734375,0.5390946502057613,0.5213675213675214,0.4975124378109453,0.4321608040201005,1.4508584028980942,1.6513785790031814,1.3900364520048603,3.263920547053077,1.2190210656753409,-624.0,571.0,-181.0,10834.0,-907.0,0.059758315461390876,-0.0733841200746903,-2184.2
1091311675.0,1.0,0.4084507042253521,0.48314606741573035,0.5106382978723404,0.46060606060606063,0.5660377358490566,1.334375,1.3840579710144927,1.6790123456790123,1.465481171548117,1.5324483775811208,-212.0,-160.0,145.0,-99.0,22.0,0.45901639344262296,0.5087719298245614,0.6851851851851852,0.38461538461538464,0.5972222222222222,1.4593175853018372,1.691358024691358,2.4583333333333335,1.617391304347826,2.15359477124183,-31.0,155.0,575.0,81.0,600.0,-0.04118644986428732,-0.39692403061868875,-336.8
1091311750.0,0.0,0.5714285714285714,0.45863309352517984,0.574468085106383,0.535483870967742,0.41333333333333333,2.1356382978723403,1.264663932964878,2.408959537572254,1.9327646763672854,1.3426626323751891,717.0,-2640.0,629.0,1725.0,-208.0,0.46236559139784944,0.5034013605442177,0.5522388059701493,0.6363636363636364,0.4375,1.5690058479532163,1.7941036614360437,1.2757527733755942,2.38,1.3957399103139014,118.0,1237.0,-283.0,88.0,-93.0,-0.007704487982928665,0.13401737681463777,-168.8
1091311985.0,1.0,0.5,0.5,0.5894736842105263,0.5851364063969896,0.47703180212014135,1.9040274207369323,1.2377666248431618,1.2180370210934137,1.4687127532777116,1.7899353647276084,943.0,-418.0,-1310.0,-420.0,1256.0,0.5416666666666666,0.7307692307692307,0.4785276073619632,0.4032258064516129,0.5784313725490197,2.1946688206785137,2.1193181818181817,1.4686318972033259,1.2441176470588236,1.285204081632653,860.0,218.0,-83.0,-609.0,-421.0,-0.01619575821416719,-0.13869228874253414,17.2
1091312027.0,1.0,0.6927899686520376,0.4117647058823529,0.46153846153846156,0.550561797752809,0.5234899328859061,4.812252964426878,1.352112676056338,0.9984917043740573,1.9697336561743342,1.86675235646958,6704.0,-42.0,-665.0,776.0,856.0,0.5636363636363636,0.4883720930232558,0.5586854460093896,0.5242165242165242,0.42424242424242425,1.680012610340479,1.946774193548387,1.9798449612403102,1.404842105263158,2.133630289532294,571.0,277.0,1857.0,-452.0,569.0,0.016198403116721938,0.3708478395153114,961.4
1091312179.0,0.0,0.4888888888888889,0.5313945803040317,0.6923076923076923,0.45454545454545453,0.6216216216216216,1.2154046997389034,1.8559723516620068,2.283132530120482,2.0259067357512954,2.304382470119522,-218.0,9167.0,260.0,406.0,2019.0,0.5724137931034483,0.3333333333333333,0.4863013698630137,0.5217391304347826,0.5125,2.2877591312931886,0.8457300275482094,1.4741573033707864,2.8333333333333335,1.6985185185185185,1596.0,-475.0,-69.0,304.0,268.0,0.07249412218662232,0.1090600946656346,2002.0000000000002
1091312197.0,1.0,0.5299145299145299,0.44,0.5032154340836013,0.28,0.5294117647058824,1.9645390070921986,1.3298969072164948,1.1299073665637407,0.8180212014134276,1.372013651877133,786.0,-66.0,-3356.0,-386.0,-75.0,0.5407407407407407,0.5583333333333333,0.42857142857142855,0.42105263157894735,0.4827586206896552,2.038216560509554,1.7745283018867926,1.5908460471567267,0.8668831168831169,1.1191235059760956,1183.0,582.0,131.0,-585.0,-956.0,-0.029783005242018323,-0.15504387964985855,-690.4
1091312230.0,0.0,0.782608695652174,0.5454545454545454,0.5086206896551724,0.6111111111111112,0.6063829787234043,1.558011049723757,1.930359937402191,1.8406801007556675,2.123762376237624,0.9844903988183161,21.0,1100.0,541.0,126.0,-698.0,0.5555555555555556,0.5272727272727272,0.6206896551724138,0.45614035087719296,0.5431034482758621,1.4414893617021276,1.6335078534031413,2.1911764705882355,1.0570652173913044,2.0930851063829787,-11.0,153.0,329.0,-489.0,892.0,0.07028325668853119,0.00419597069395361,43.19999999999999
1091312305.0,0.0,0.45454545454545453,0.44565217391304346,0.37333333333333335,0.48484848484848486,0.37755102040816324,2.5657894736842106,0.9678998911860718,2.6870824053452114,1.7004132231404958,1.5791433891992552,486.0,-978.0,1066.0,97.0,170.0,0.6041666666666666,0.536144578313253,0.6222222222222222,0.25,0.4578313253012048,2.6949696753478416,2.2467479674796746,3.4820359281437128,1.0412621359223302,1.1995277449822905,6699.0,1837.0,662.0,-189.0,-509.0,-0.06688686509097336,-0.23284301386412087,-1531.8
1091312354.0,0.0,0.599388379204893,0.4647887323943662,0.625,0.5628140703517588,0.5609756097560976,2.2656155245603395,1.7185525560022976,2.9948382656572607,2.583948959032908,1.4423076923076923,2525.0,761.0,4344.0,3228.0,-66.0,0.46938775510204084,0.5428571428571428,0.5263157894736842,0.5925925925925926,0.5503875968992248,1.7432835820895523,1.5568011958146488,1.6518987341772151,2.015486725663717,1.334132693844924,163.0,76.0,120.0,233.0,-415.0,0.026285182956486075,0.5407320131940878,2123.0
1091312426.0,0.0,0.5407166123778502,0.5403225806451613,0.4594594594594595,0.49473684210526314,0.5235732009925558,1.618076923076923,3.4805097451274363,1.5301507537688441,1.156687898089172,0.9502554123084408,614.0,2642.0,24.0,-539.0,-4520.0,0.35294117647058826,0.4782608695652174,0.5636363636363636,0.38095238095238093,0.47368421052631576,1.2327044025157232,1.6497175141242937,1.8423076923076922,1.1414473684210527,1.3142857142857143,-85.0,53.0,178.0,-109.0,-143.0,0.06186673888588473,0.31104360814326815,-334.6
1091312489.0,0.0,0.5897435897435898,0.6461538461538462,0.5555555555555556,0.6410256410256411,0.47619047619047616,1.9613363363363363,2.3234683281412254,1.0655172413793104,1.7913907284768211,1.1475741239892183,1229.0,1586.0,-126.0,176.0,-523.0,0.44285714285714284,0.5123674911660777,0.5652173913043478,0.5918367346938775,0.4074074074074074,1.2992125984251968,2.0762407096619517,1.59882005899705,2.599562363238512,2.263157894736842,-255.0,4807.0,67.0,1005.0,319.0,0.07779658824805125,-0.30954137334732823,-720.1999999999999
1091312625.0,0.0,0.5974025974025974,0.645933014354067,0.21428571428571427,0.6086956521739131,0.5357142857142857,2.452577319587629,1.8914110429447852,0.8315217391304348,1.59765625,1.5963541666666667,924.0,1276.0,-246.0,25.0,148.0,0.5608108108108109,0.631578947368421,0.42857142857142855,0.3302752293577982,0.5051546391752577,1.8875536480686694,2.437022900763359,1.1702127659574468,1.0971731448763251,1.6745524296675192,903.0,491.0,-124.0,-1140.0,273.0,0.029128041729372167,0.02060112579923956,344.79999999999995
1091312674.0,0.0,0.4434782608695652,0.6,0.498567335243553,0.48484848484848486,0.5,1.381915526472338,2.0057471264367814,2.006215722120658,1.67,1.2041284403669725,-397.0,88.0,2769.0,68.0,-129.0,0.5714285714285714,0.4666666666666667,0.3968253968253968,0.4727272727272727,0.3,1.417269439421338,1.7749266862170088,1.2027491408934707,2.0971830985915494,1.4727272727272727,-366.0,375.0,-346.0,424.0,-3.0,0.06384923466273917,0.060630235509221864,463.0
1091312687.0,0.0,0.5503875968992248,0.5517241379310345,0.504950495049505,0.44329896907216493,0.4090909090909091,2.169329073482428,2.80188679245283,2.089675960813866,2.386481802426343,1.2914438502673797,1257.0,414.0,1565.0,1023.0,-78.0,0.603399433427762,0.5744186046511628,0.37662337662337664,0.6388888888888888,0.4378698224852071,2.6183218616846937,2.451046888823356,2.3597560975609757,3.04233409610984,1.6227867590454195,6824.0,6450.0,846.0,1348.0,319.0,-0.0343496036067118,-0.2710856447562877,-2321.2
1091312700.0,0.0,0.5428571428571428,0.34375,0.6190476190476191,0.6346153846153846,0.5660377358490566,1.7800361336946702,1.926356589147287,0.455026455026455,1.8818061088977425,1.245360824742268,620.0,220.0,-395.0,575.0,-247.0,0.6086956521739131,0.4186046511627907,0.3333333333333333,0.5254237288135594,0.5428571428571428,2.329861111111111,1.3018987341772152,1.5630252100840336,2.1353591160220993,1.291814946619217,239.0,-313.0,15.0,460.0,-117.0,0.05547867480569274,-0.2666746013010506,97.8
1091312734.0,0.0,0.5199115044247787,0.5697674418604651,0.5384615384615384,0.5575221238938053,0.4444444444444444,1.7908872901678656,2.3509114583333335,1.3347193347193347,1.0472636815920398,0.9329268292682927,2426.0,1307.0,-318.0,-910.0,-93.0,0.5473251028806584,0.5203252032520326,0.5106796116504855,0.44761904761904764,0.3684210526315789,1.633402489626556,1.6148977604673806,1.872153994756451,1.279532967032967,1.6115288220551378,643.0,236.0,5394.0,-321.0,89.0,0.04714740701024589,-0.11096148797152527,-725.8000000000001
1091312737.0,1.0,0.5740740740740741,0.5285714285714286,0.6944444444444444,0.4959349593495935,0.5151515151515151,2.339637509850276,2.030327868852459,1.6240875912408759,1.2238955823293172,2.8902077151335313,2131.0,1294.0,68.0,-550.0,1874.0,0.4444444444444444,0.3333333333333333,0.5032679738562091,0.5726141078838174,0.44,2.3636363636363638,1.6568627450980393,1.8510420225486846,1.747870528109029,2.058282208588957,76.0,16.0,2055.0,1164.0,182.0,0.10290331241465034,0.08609247988507751,264.79999999999995
1091312836.0,0.0,0.48333333333333334,0.5172413793103449,0.2777777777777778,0.4948453608247423,0.5238095238095238,2.1480865224625623,1.3179190751445087,1.0007246376811594,0.9186046511627907,2.188,779.0,-63.0,-689.0,-1000.0,172.0,0.4,0.34615384615384615,0.4666666666666667,0.4853801169590643,0.5461538461538461,1.417989417989418,2.8304347826086955,1.4401041666666667,0.7666214382632293,1.6180715935334873,-31.0,306.0,-23.0,-2162.0,409.0,0.010530579824459707,-0.09997730252209536,140.0
1091313031.0,0.0,0.6582278481012658,0.5271876125315088,0.40625,0.5462184873949579,0.6363636363636364,2.4076539101497505,2.529804437758556,1.4124767225325885,2.3896396396396398,2.2884615384615383,1091.0,32859.0,-94.0,1185.0,205.0,0.5,0.35,0.36363636363636365,0.34545454545454546,0.5355450236966824,1.5520833333333333,1.1823899371069182,0.7894736842105263,0.8363636363636363,1.3780562347188263,30.0,-101.0,-162.0,-1460.0,-399.0,0.1359223303207554,1.0579338845617665,7467.599999999999
1091313044.0,1.0,0.6226415094339622,0.35,0.6346153846153846,0.4774193548387097,0.5384615384615384,2.3348314606741574,1.4405405405405405,1.9961948249619483,1.392078488372093,0.7235294117647059,743.0,-22.0,652.0,-297.0,-132.0,0.6590909090909091,0.45161290322580644,0.5714285714285714,0.5263157894736842,0.6666666666666666,2.6016666666666666,1.9959514170040487,1.7070063694267517,1.248081841432225,1.5636363636363637,661.0,245.0,65.0,-197.0,14.0,-0.05039541050720853,-0.24583358637052233,31.200000000000017
1091313109.0,0.0,0.5454545454545454,0.6666666666666666,0.5097402597402597,0.5135135135135135,0.5294117647058824,2.0891891891891894,2.623076923076923,1.4457435147972233,1.7777777777777777,1.6452991452991452,218.0,292.0,-297.0,845.0,34.0,0.47058823529411764,0.33620689655172414,0.6341463414634146,0.5566037735849056,0.5333333333333333,1.3710855949895615,1.5206703910614525,2.165156507413509,1.6834804539722572,1.5087719298245614,-247.0,37.0,1615.0,291.0,4.0,0.046781633970674474,0.2663843345757837,-121.6
1091313214.0,0.0,0.5833333333333334,0.4696969696969697,0.6029411764705882,0.3783783783783784,0.7924528301886793,2.834016393442623,2.2782608695652176,2.2636363636363637,1.470260223048327,3.045901639344262,651.0,2148.0,672.0,-16.0,943.0,0.5341335333833458,0.7428571428571429,0.4358974358974359,0.5319148936170213,0.5658291457286432,2.443327330932373,3.5483870967741935,2.231025854879066,1.6690504568931268,1.9661426844014511,18859.0,508.0,1753.0,851.0,7710.0,0.0032341073168720147,0.006828413031316316,-5056.599999999999
1091313309.0,1.0,0.4084507042253521,0.5,0.7105263157894737,0.4861111111111111,0.52,0.8767029972752044,1.5842696629213484,2.6470588235294117,1.430632911392405,1.34320987654321,-915.0,30.0,1014.0,-274.0,-127.0,0.5285714285714286,0.6013986013986014,0.5,0.6571428571428571,0.5057142857142857,2.0147347740667976,2.0815217391304346,2.40625,2.9266666666666667,2.1817300232738557,524.0,1177.0,87.0,642.0,3515.0,-0.033547808340247176,-0.745805786295235,-1243.4
1091313403.0,1.0,0.4122137404580153,0.4375,0.5765230312035661,0.5555555555555556,0.5029239766081871,1.0570652173913044,2.0814977973568283,2.851922344880091,2.5505050505050506,2.1859592711682745,-978.0,264.0,7103.0,208.0,1280.0,0.5666666666666667,0.5217391304347826,0.4634146341463415,0.6956521739130435,0.45095367847411444,2.395778364116095,1.303763440860215,1.8775862068965516,2.265151515151515,1.7213187991422445,679.0,-73.0,219.0,303.0,2477.0,-0.042741995961924795,0.23267027102698523,854.4000000000001
1091313419.0,1.0,0.5755813953488372,0.5482625482625483,0.6666666666666666,0.5135542168674698,0.4959677419354839,2.120950323974082,2.0964826575476305,1.8933333333333333,1.2511770009015326,2.18876404494382,1725.0,2442.0,59.0,-4968.0,1839.0,0.6944444444444444,0.5146443514644351,0.5148698884758365,0.46511627906976744,0.35,2.7622549019607843,1.6094038106945299,1.9550188344781743,1.2689922480620155,1.8741258741258742,515.0,356.0,4107.0,-298.0,107.0,0.05219152112530445,0.016182338275804176,-738.0
1091313424.0,0.0,0.6024844720496895,0.6470588235294118,0.35185185185185186,0.4875,0.5652173913043478,0.9182481751824818,2.7636363636363637,1.2102689486552567,1.3047182175622543,1.609375,-1594.0,556.0,-237.0,-298.0,35.0,0.37037037037037035,0.524390243902439,0.5416666666666666,0.5882352941176471,0.5777777777777777,1.0717131474103585,1.1981757877280266,1.6789940828402368,1.9206349206349207,2.010233918128655,-215.0,-364.0,121.0,53.0,349.0,0.010334437180080092,-0.01470103034116832,-296.40000000000003
1091313495.0,1.0,0.527177089421391,0.47761194029850745,0.4782608695652174,0.4547945205479452,0.32608695652173914,1.299522166179984,1.2425093632958801,2.0348837209302326,1.6173469387755102,1.5160796324655437,-7552.0,-275.0,414.0,506.0,21.0,0.6129032258064516,0.5080213903743316,0.7058823529411765,0.5666666666666667,0.7096774193548387,1.5587371512481645,1.6408775981524248,2.6796536796536796,1.101923076923077,1.6081081081081081,80.0,488.0,1090.0,-207.0,56.0,-0.167843935757733,-0.17579155848766082,-1678.6
1091313586.0,0.0,0.5238095238095238,0.5,0.5764705882352941,0.5957446808510638,0.4166666666666667,2.875,1.0617283950617284,1.8586538461538462,2.78110599078341,1.3461538461538463,814.0,-142.0,373.0,556.0,-20.0,0.45,0.5384615384615384,0.3333333333333333,0.5952380952380952,0.5603112840466926,1.24496644295302,1.5435435435435436,1.6420454545454546,2.133116883116883,1.859787018255578,-76.0,29.0,50.0,390.0,1419.0,0.027069441696577712,0.2998365471476703,-46.19999999999999
1091313588.0,1.0,0.3076923076923077,0.5,0.421875,0.36065573770491804,0.5154639175257731,1.6098484848484849,0.9262820512820513,1.455827067669173,0.7146341463414634,0.9115646258503401,58.0,-179.0,-47.0,-966.0,-1038.0,0.5264900662251656,0.620253164556962,0.4810606060606061,0.6111111111111112,0.5652173913043478,1.4232154204617666,1.707182320441989,1.2498628634119584,1.2380952380952381,1.7837837837837838,-725.0,225.0,-912.0,-88.0,105.0,-0.13968907526703878,-0.35679665004064454,-155.39999999999998
1091313714.0,1.0,0.25,0.5087719298245614,0.3333333333333333,0.5714285714285714,0.5160256410256411,1.2995049504950495,1.4854586129753915,2.3378378378378377,1.7731958762886597,3.28544776119403,-81.0,-13.0,124.0,53.0,5742.0,0.55,0.7209302325581395,0.5048543689320388,0.4666666666666667,0.4583333333333333,1.0566218809980805,3.0870307167235493,1.581190798376184,1.90990990990991,1.6697722567287785,-462.0,930.0,120.0,182.0,164.0,-0.10424502517561429,0.17538389521089304,978.2
1091313802.0,1.0,0.5869565217391305,0.5347222222222222,0.38461538461538464,0.5538461538461539,0.5018181818181818,2.3176691729323307,1.9618320610687023,1.6039719626168225,2.2929475587703436,2.325,435.0,1210.0,89.0,1754.0,2211.0,0.6073446327683616,0.535264483627204,0.515625,0.5341614906832298,0.4598393574297189,2.736111111111111,3.5291954022988508,1.3867924528301887,2.8679187940675908,1.4871504934210527,4895.0,17654.0,-96.0,22505.0,-125.0,-0.01805530005348821,-0.301149499668119,-7826.8
1091313942.0,1.0,0.5137614678899083,0.38095238095238093,0.3940520446096654,0.5231788079470199,0.4339622641509434,1.5264797507788161,1.2772020725388602,1.4865035849852384,1.7940327237728586,1.097950819672131,51.0,-86.0,-64.0,611.0,-981.0,0.4186046511627907,0.622673434856176,0.4647887323943662,0.5755627009646302,0.5240641711229946,2.3469387755102042,2.3911841249186727,1.8740942028985508,1.9227771873893023,1.0791119449656035,415.0,5479.0,413.0,2387.0,-1346.0,-0.0719573449902079,-0.486387456786886,-1563.3999999999999
1091314009.0,1.0,0.5968253968253968,0.5685449957947856,0.5390199637023594,0.6179775280898876,0.4049586776859504,2.010337552742616,1.600403034613561,1.1225425950196593,1.7101851851851853,1.7405575539568345,2419.0,2541.0,-3456.0,227.0,535.0,0.6428571428571429,0.5238095238095238,0.5344827586206896,0.5833333333333334,0.6875,1.6843817787418656,1.4841361407556966,2.3836515513126493,1.7510593220338984,0.937007874015748,170.0,-110.0,1481.0,237.0,-143.0,-0.04893123930446197,-0.011242149068400265,126.19999999999999
1091314174.0,1.0,0.4847457627118644,0.4979610330765745,0.6405693950177936,0.5906902086677368,0.24427480916030533,1.9461648404001906,2.6588244193963235,1.2698373583045834,2.801670146137787,1.6846965699208443,1873.0,30637.0,-934.0,9976.0,280.0,0.5274725274725275,0.5510204081632653,0.45098039215686275,0.47058823529411764,0.5116279069767442,1.7461799660441426,2.1880597014925374,1.5394366197183098,1.6702127659574468,2.7373493975903616,290.0,461.0,28.0,48.0,4108.0,-0.010689652285848505,0.09599097667138623,7379.4
1091314416.0,0.0,0.47627416520210897,0.4595744680851064,0.6363636363636364,0.3793103448275862,0.5285714285714286,0.8918119302734687,2.1455336232853797,3.05327868852459,1.4913294797687862,2.66625,-7606.0,3859.0,379.0,-3.0,933.0,0.5069767441860465,0.4861878453038674,0.5,0.4380952380952381,0.543859649122807,1.3992890995260663,1.1947483588621444,1.9957841483979764,1.6248339973439574,1.2043222003929273,-425.0,-837.0,588.0,188.0,-301.0,0.0009949132683814699,0.5658451834658305,-330.20000000000005
1091314492.0,0.0,0.5857142857142857,0.38095238095238093,0.5955056179775281,0.5361050328227571,0.3333333333333333,2.587439278278973,1.8518518518518519,1.7168508287292819,1.4104184217916316,1.125,3134.0,95.0,471.0,-638.0,-81.0,0.5576036866359447,0.48,0.49473684210526314,0.0,0.5,1.563080495356037,0.9688796680497925,1.4299435028248588,1.3,1.239403453689168,163.0,-256.0,-124.0,-8.0,-664.0,0.0798540244118155,0.4380506521463763,774.0
1091314511.0,1.0,0.46875,0.5143884892086331,0.5454545454545454,0.38636363636363635,0.45149253731343286,1.1340361445783131,1.6422523285351398,1.7039473684210527,1.4682539682539681,1.3109700815956482,-243.0,672.0,31.0,-20.0,-834.0,0.5476190476190477,0.6456692913385826,0.4647887323943662,0.6111111111111112,0.4411764705882353,2.2526315789473683,1.5734341252699784,1.2865722865722866,0.8555555555555555,1.4608865710560626,429.0,136.0,-995.0,-232.0,-120.0,-0.06878308894221913,-0.033924045203425734,77.60000000000001
1091314520.0,1.0,0.55,0.5454545454545454,0.3888888888888889,0.4606741573033708,0.17647058823529413,1.2330508474576272,0.8939393939393939,1.4849397590361446,1.1362549800796813,0.7320261437908496,-63.0,-80.0,-5.0,-913.0,-235.0,0.5740072202166066,0.5254237288135594,0.43243243243243246,0.48314606741573035,0.36363636363636365,1.59325,2.131723107569721,1.4898305084745762,1.1273031825795645,1.060747663551402,373.0,2537.0,-6.0,-445.0,-94.0,-0.05143152652651867,-0.3845286675743136,-732.2
1091314534.0,0.0,0.32,0.5,0.625,0.49673202614379086,0.41333333333333333,1.3267148014440433,1.0880681818181819,2.661290322580645,2.723337515683814,1.391444342226311,-96.0,-145.0,216.0,1950.0,-236.0,0.47058823529411764,0.5,0.5238095238095238,0.32978723404255317,0.391304347826087,2.0454545454545454,2.5619047619047617,1.731732776617954,1.3643122676579926,0.958904109589041,156.0,669.0,222.0,-146.0,-553.0,0.027915203700968505,0.10570934050574032,268.20000000000005
1091314821.0,0.0,0.6235294117647059,0.5441176470588235,0.6428571428571429,0.589041095890411,0.52,2.9093904448105437,2.393157262905162,1.275,1.6464646464646464,1.2295081967213115,1711.0,1488.0,-180.0,174.0,-99.0,0.4563106796116505,0.3448275862068966,0.5222222222222223,0.3125,0.4590643274853801,1.9524647887323943,1.125,1.5899198167239403,0.8039772727272727,1.4551820728291316,771.0,-159.0,157.0,-245.0,-192.0,0.16492409640898675,0.5053953199777854,552.4
1091314853.0,1.0,0.5607940446650124,0.5208333333333334,0.47003994673768307,0.4805194805194805,0.5405405405405406,2.737881981032666,2.325319693094629,1.8207854570399589,1.7877758913412565,1.2338403041825095,4699.0,3227.0,3741.0,339.0,-140.0,0.552901023890785,0.514269406392694,0.5215311004784688,0.5352498288843258,0.5267857142857143,2.534287011807448,1.5405133664537498,2.082302568981922,2.00774079911004,1.8246478873239436,9110.0,1370.0,3672.0,10954.0,461.0,-0.015601945627187641,-0.016777661397216592,-2740.2
1091314865.0,0.0,0.5217391304347826,0.55,0.6,0.5771028037383178,0.5172413793103449,1.0841013824884793,2.125,1.7699680511182108,2.5158289817232378,1.755778456170955,-361.0,175.0,169.0,18675.0,1173.0,0.36666666666666664,0.5737704918032787,0.5014430014430015,0.5277777777777778,0.3888888888888889,0.9516129032258065,1.6589403973509933,2.450844574067323,2.418158567774936,2.2205882352941178,-306.0,144.0,15649.0,718.0,147.0,0.08150729738076634,-0.08989356124245873,695.7999999999997
1091314873.0,0.0,0.5717391304347826,0.5964391691394659,0.6388888888888888,0.4166666666666667,0.5042016806722689,2.194048512128032,2.2359832635983263,2.6,1.238938053097345,1.1196261682242992,5551.0,3518.0,539.0,-59.0,-814.0,0.6666666666666666,0.5666666666666667,0.5778688524590164,0.6464379947229552,0.5644171779141104,2.226618705035971,4.851190476190476,1.8049005536190281,2.381217668125746,2.50679117147708,202.0,563.0,2974.0,4429.0,2372.0,-0.058824364525468464,-0.8764245154800601,-361.0
1091314906.0,0.0,0.5865724381625441,0.56,0.36585365853658536,0.41420118343195267,0.5027027027027027,2.6159830268741158,1.576490438695163,2.1507936507936507,1.3817034700315458,1.9174477289113194,12624.0,136.0,246.0,-375.0,1158.0,0.5151515151515151,0.55,0.5833333333333334,0.4666666666666667,0.6458333333333334,1.8147321428571428,1.6953463203463204,1.9733542319749215,1.5973837209302326,1.3940839694656488,141.0,361.0,302.0,67.0,-111.0,-0.06633097313021274,0.23350358594630594,2605.8
1091314985.0,0.0,0.532258064516129,0.5339506172839507,0.5654761904761905,0.5,0.548922056384743,1.5440379403794038,2.029553903345725,2.7793005671077506,0.9706175298804781,2.16620594333103,65.0,2849.0,2707.0,-1063.0,5784.0,0.41545893719806765,0.4857142857142857,0.45454545454545453,0.40816326530612246,0.5333333333333333,1.1686528497409328,1.4142728904847397,1.1907894736842106,1.2224622030237582,1.654320987654321,-1279.0,-191.0,-94.0,-257.0,75.0,0.07667833051274986,0.5678434958912848,2417.6
1091314997.0,1.0,0.6,0.5673076923076923,0.45,0.6666666666666666,0.3548387096774194,1.3992248062015504,1.9152046783625731,1.146919431279621,1.1056338028169015,0.6135693215339233,-26.0,994.0,-149.0,-56.0,-601.0,0.536,0.6060606060606061,0.4731182795698925,0.4666666666666667,0.5094339622641509,2.5788439955106623,1.6618852459016393,1.2665066026410565,1.7018454440599768,1.1926751592356688,3845.0,79.0,-389.0,350.0,-579.0,0.009506710818092401,-0.4442408814308869,-628.8000000000001
1091315043.0,1.0,0.5673758865248227,0.40540540540540543,0.5555555555555556,0.6216216216216216,0.5,1.6416490486257929,1.1924654023577652,1.4550724637681158,1.5111695137976346,2.0238095238095237,268.0,-1200.0,-31.0,17.0,418.0,0.5625,0.6428571428571429,0.6153846153846154,0.4642857142857143,0.5384615384615384,2.994949494949495,1.165909090909091,2.1795707973911216,1.1304347826086956,1.3347193347193347,296.0,-294.0,6460.0,-187.0,-318.0,-0.034706108376321154,-0.19628350964378116,-1297.0
1091315151.0,0.0,0.515625,0.9285714285714286,0.4682274247491639,0.5369774919614148,0.5952380952380952,1.3597826086956522,2.9237288135593222,1.1417466093284816,1.6979449398991857,1.7077777777777778,-129.0,168.0,-2166.0,1021.0,187.0,0.5,0.5096153846153846,0.375,0.4444444444444444,0.5021645021645021,1.4780701754385965,1.985655737704918,1.3803418803418803,0.9683734939759037,1.3359695371997657,-15.0,1659.0,-28.0,-353.0,-560.0,0.14268302185915427,0.33651398491987106,-324.4
1091315230.0,1.0,0.62,0.4429530201342282,0.5021739130434782,0.4444444444444444,0.5217391304347826,2.9384328358208953,1.7628205128205128,1.849982952608251,2.3636363636363638,1.2678571428571428,2313.0,656.0,2053.0,76.0,-260.0,0.4651567944250871,0.5401069518716578,0.6006006006006006,0.463302752293578,0.425531914893617,2.1109921484653817,2.4591484464902185,2.213715710723192,1.8012777404169469,1.0706278026905829,5136.0,1667.0,2862.0,896.0,-383.0,0.007322298794478543,0.10539359179136865,-1068.0
1091315290.0,1.0,0.46064814814814814,0.5396825396825397,0.5151515151515151,0.6,0.3707865168539326,1.3444183620239958,2.2492524562152925,1.8192982456140352,1.7238805970149254,0.9154929577464789,-1193.0,3508.0,182.0,120.0,-996.0,0.452991452991453,0.5882352941176471,0.5414012738853503,0.5591647331786543,0.5196850393700787,1.7724867724867726,1.46656050955414,2.447480785653288,1.471257825839499,1.3611111111111112,515.0,-84.0,2219.0,-202.0,-305.0,-0.03504181474140955,-0.0933108772060165,-104.40000000000003
1091315314.0,1.0,0.4595744680851064,0.5555555555555556,0.23076923076923078,0.5714285714285714,0.5454545454545454,1.4854399008674102,1.473063973063973,0.9270833333333334,1.3415977961432506,0.9935897435897436,-47.0,-16.0,-165.0,-115.0,-79.0,0.5208333333333334,0.5408163265306123,0.5670498084291188,0.4482758620689655,0.5805084745762712,1.5757894736842106,1.3601532567049808,2.383524904214559,1.7420774647887325,1.8734968734968735,72.0,-219.0,6918.0,275.0,1553.0,-0.05894028672905832,-0.5428534451783291,-1804.2
1091315413.0,1.0,0.4627831715210356,0.6417910447761194,0.6923076923076923,0.40384615384615385,0.45454545454545453,1.3697291738087076,1.2275840597758405,3.2409090909090907,1.326158940397351,1.2091078066914498,-760.0,-875.0,383.0,-105.0,-626.0,0.6571428571428571,0.5057142857142857,0.5425531914893617,0.5483870967741935,0.5,2.9266666666666667,2.1817300232738557,1.747011952191235,2.984536082474227,2.40625,642.0,3515.0,372.0,576.0,87.0,-0.019704782824848444,-0.7745411306047094,-1435.0
1091315479.0,0.0,0.6744186046511628,0.36538461538461536,0.4742268041237113,0.5273311897106109,0.6862745098039216,2.1014760147601477,1.744186046511628,2.5211794019933556,2.1306244260789717,2.2253521126760565,326.0,189.0,2459.0,2747.0,412.0,0.56,0.4791666666666667,0.625,0.39285714285714285,0.5207100591715976,2.14375,2.1222910216718267,2.3893617021276596,1.273872679045093,1.896206896551724,206.0,804.0,418.0,-341.0,1149.0,0.029980370995722927,0.17946714052477075,779.3999999999999
1091315504.0,1.0,0.2857142857142857,0.5384615384615384,0.5,0.38461538461538464,0.42857142857142855,1.1436170212765957,1.8140495867768596,2.8839285714285716,1.4401709401709402,1.4866666666666666,-67.0,380.0,155.0,-28.0,-4.0,0.6226415094339622,0.5337995337995338,0.6172839506172839,0.5384615384615384,0.4897959183673469,1.9065040650406504,1.3059058751153492,1.3587347232207045,1.813169164882227,2.3626309662398137,300.0,-1262.0,-393.0,585.0,1482.0,-0.13292396266340561,0.004297598364177757,-55.2
1091315556.0,1.0,0.4634146341463415,0.5666666666666667,0.5581395348837209,0.5849056603773585,0.46697038724373574,1.8775862068965516,1.0219594594594594,1.9764542936288088,2.45,1.537434036939314,219.0,-283.0,344.0,608.0,227.0,0.6818181818181818,0.6212121212121212,0.4732824427480916,0.6158536585365854,0.41509433962264153,2.7943262411347516,1.3808411214953271,1.824696802646086,2.0968586387434556,1.5487528344671202,730.0,-102.0,589.0,1368.0,43.0,-0.033432772123959675,-0.1564083283125215,-302.6
1091315753.0,0.0,0.5454545454545454,0.5217391304347826,0.6956521739130435,0.4692028985507246,0.6551724137931034,2.37375,1.303763440860215,2.265151515151515,0.9644965817277812,2.120833333333333,699.0,-73.0,303.0,-6893.0,298.0,0.43478260869565216,0.5794392523364486,0.5720720720720721,0.5695364238410596,0.56,2.232638888888889,2.170284938941655,1.3112659698025553,2.4017210144927534,1.9574915824915824,211.0,988.0,-650.0,1991.0,1087.0,0.03427816104019343,-0.20908150470891806,-1858.6
1091315849.0,1.0,0.5815602836879432,0.5301507537688442,0.42857142857142855,0.38095238095238093,0.35,1.7054154995331465,1.3148817802503476,1.2632612966601178,1.6619170984455958,0.9670608108108109,440.0,-1331.0,-241.0,125.0,-631.0,0.5401234567901234,0.6190476190476191,0.6923076923076923,0.5670650730411687,0.484251968503937,2.2629917435648372,1.9543010752688172,1.9141104294478528,1.6551642075202284,1.9566729917773562,3142.0,169.0,135.0,2608.0,1444.0,-0.12631219254198867,-0.5661407923758148,-1827.1999999999998
